{
	"w_g_ax" : 6.0E-6,
	"w_g_tr" : 6.0E-6,
	
	"w_sw_ax" : 6.0E-6, 
	"w_sw_tr" : 2.0E-6,
	
    "phi_f" : 0.0,

    "omega_y_c" : 18.8495559215E6,
    "omega_y_s" : 31.4159265359E6,
    "omega_x_c" : 6.28318530718E6,
    "omega_x_s" : 10.8827961854E6,

    "t_gate" : 50.0E-6
}
